,Year,Month,unemployment_level,civilian_labor_force,inflation_level,unemployment,inflation,decade
0,1948,1,2034,60230,23.68,3.377054624,1.153353268,1940
1,1948,2,2328,60230,23.67,3.865183463,-0.04222973,1940
2,1948,3,2399,60230,23.5,3.983064918,-0.718208703,1940
3,1948,4,2386,60535,23.82,3.941521434,1.361702128,1940
4,1948,5,2118,60535,24.01,3.498802346,0.797649034,1940
5,1948,6,2214,60535,24.15,3.657388288,0.583090379,1940
6,1948,7,2213,60934,24.4,3.631798339,1.035196687,1940
7,1948,8,2350,60934,24.43,3.856631766,0.12295082,1940
8,1948,9,2302,60934,24.36,3.77785801,-0.286532951,1940
9,1948,10,2259,60839,24.31,3.713078782,-0.205254516,1940
10,1948,11,2285,60839,24.16,3.755814527,-0.617030029,1940
11,1948,12,2429,60839,24.05,3.992504808,-0.455298013,1940
12,1949,1,2596,60967,24.01,4.258041235,-0.166320166,1940
13,1949,2,2849,60967,23.91,4.67301983,-0.416493128,1940
14,1949,3,3030,60967,23.91,4.96990175,0,1940
15,1949,4,3260,61071,23.92,5.338049156,0.041823505,1940
16,1949,5,3707,61071,23.91,6.069984117,-0.04180602,1940
17,1949,6,3776,61071,23.92,6.182967366,0.041823505,1940
18,1949,7,4111,61508,23.7,6.683683423,-0.919732441,1940
19,1949,8,4193,61508,23.7,6.816999415,0,1940
20,1949,9,4049,61508,23.75,6.582883527,0.210970464,1940
21,1949,10,4916,62033,23.67,7.924814212,-0.336842105,1940
22,1949,11,3996,62033,23.7,6.441732626,0.126742712,1940
23,1949,12,4063,62033,23.61,6.549739655,-0.379746835,1940
24,1950,1,4026,61651,23.51,6.5303077,-0.423549343,1940
25,1950,2,3936,61651,23.61,6.384324666,0.425350915,1940
26,1950,3,3876,61651,23.64,6.287002644,0.127064803,1940
27,1950,4,3575,62220,23.65,5.745740919,0.042301184,1940
28,1950,5,3434,62220,23.77,5.519125683,0.507399577,1940
29,1950,6,3367,62220,23.88,5.411443266,0.462768195,1940
30,1950,7,3120,62355,24.07,5.003608371,0.795644891,1940
31,1950,8,2799,62355,24.2,4.488814049,0.5400914,1940
32,1950,9,2774,62355,24.34,4.448721033,0.578512397,1940
33,1950,10,2625,62261,24.5,4.216122452,0.65735415,1940
34,1950,11,2589,62261,24.6,4.158301344,0.408163265,1940
35,1950,12,2639,62261,24.98,4.238608439,1.544715447,1940
36,1951,1,2305,62082,25.38,3.712831417,1.601281025,1950
37,1951,2,2117,62082,25.83,3.410006121,1.773049645,1950
38,1951,3,2125,62082,25.88,3.422892304,0.193573364,1950
39,1951,4,1919,61822,25.92,3.104072984,0.154559505,1950
40,1951,5,1856,61822,25.99,3.002167513,0.270061728,1950
41,1951,6,1995,61822,25.93,3.227006567,-0.230858022,1950
42,1951,7,1950,61938,25.91,3.1483096,-0.077130737,1950
43,1951,8,1933,61938,25.86,3.120862798,-0.192975685,1950
44,1951,9,2067,61938,26.03,3.337208176,0.657385924,1950
45,1951,10,2194,62225,26.16,3.525914022,0.499423742,1950
46,1951,11,2178,62225,26.32,3.500200884,0.611620795,1950
47,1951,12,1960,62225,26.47,3.149859381,0.569908815,1950
48,1952,1,1972,62191,26.45,3.170876815,-0.075557235,1950
49,1952,2,1957,62191,26.41,3.146757569,-0.151228733,1950
50,1952,3,1813,62191,26.39,2.915212812,-0.075728891,1950
51,1952,4,1811,61960,26.46,2.922853454,0.265251989,1950
52,1952,5,1863,61960,26.47,3.006778567,0.037792895,1950
53,1952,6,1884,61960,26.53,3.040671401,0.226671704,1950
54,1952,7,1991,62099,26.68,3.206170792,0.565397663,1950
55,1952,8,2087,62099,26.69,3.360762653,0.037481259,1950
56,1952,9,1936,62099,26.63,3.117602538,-0.224803297,1950
57,1952,10,1839,62361,26.69,2.948958484,0.225309801,1950
58,1952,11,1743,62361,26.69,2.795016116,0,1950
59,1952,12,1667,62361,26.71,2.673145075,0.074934432,1950
60,1953,1,1839,63539,26.64,2.8942854,-0.26207413,1950
61,1953,2,1636,63539,26.59,2.574796582,-0.187687688,1950
62,1953,3,1647,63539,26.63,2.592108784,0.150432493,1950
63,1953,4,1723,62948,26.69,2.737179895,0.225309801,1950
64,1953,5,1596,62948,26.7,2.535426066,0.037467216,1950
65,1953,6,1607,62948,26.77,2.552900807,0.262172285,1950
66,1953,7,1660,62867,26.79,2.640495013,0.074710497,1950
67,1953,8,1665,62867,26.85,2.648448312,0.223964166,1950
68,1953,9,1821,62867,26.89,2.896591216,0.148975791,1950
69,1953,10,1974,62870,26.95,3.139812311,0.223131276,1950
70,1953,11,2211,62870,26.85,3.516780659,-0.371057514,1950
71,1953,12,2818,62870,26.87,4.482264991,0.074487896,1950
72,1954,1,3077,63629,26.94,4.835845291,0.260513584,1950
73,1954,2,3331,63629,26.99,5.23503434,0.185597624,1950
74,1954,3,3607,63629,26.93,5.668798818,-0.222304557,1950
75,1954,4,3749,63651,26.86,5.88993103,-0.25993316,1950
76,1954,5,3767,63651,26.93,5.91821024,0.260610573,1950
77,1954,6,3551,63651,26.94,5.578859719,0.037133309,1950
78,1954,7,3659,63739,26.86,5.740598378,-0.296956199,1950
79,1954,8,3854,63739,26.85,6.04653352,-0.037230082,1950
80,1954,9,3927,63739,26.81,6.161063085,-0.148975791,1950
81,1954,10,3666,63669,26.72,5.757904161,-0.335695636,1950
82,1954,11,3402,63669,26.78,5.343259671,0.224550898,1950
83,1954,12,3196,63669,26.77,5.019711319,-0.037341299,1950
84,1955,1,3157,63829,26.77,4.946027668,0,1950
85,1955,2,2969,63829,26.82,4.651490702,0.186776242,1950
86,1955,3,2918,63829,26.79,4.571589716,-0.111856823,1950
87,1955,4,3049,64476,26.79,4.72889137,0,1950
88,1955,5,2747,64476,26.77,4.260500031,-0.074654722,1950
89,1955,6,2701,64476,26.71,4.189155655,-0.22413149,1950
90,1955,7,2632,65451,26.76,4.021328933,0.187195807,1950
91,1955,8,2784,65451,26.72,4.253563735,-0.149476831,1950
92,1955,9,2678,65451,26.85,4.091610518,0.486526946,1950
93,1955,10,2830,66101,26.82,4.28132706,-0.111731844,1950
94,1955,11,2780,66101,26.88,4.205685239,0.223713647,1950
95,1955,12,2761,66101,26.87,4.176941347,-0.037202381,1950
96,1956,1,2666,66239,26.83,4.024819215,-0.148864905,1950
97,1956,2,2606,66239,26.86,3.934238138,0.111815132,1950
98,1956,3,2764,66239,26.89,4.172768309,0.111690246,1950
99,1956,4,2650,66563,26.93,3.981190752,0.148754184,1950
100,1956,5,2861,66563,27.03,4.298183676,0.371333086,1950
101,1956,6,2882,66563,27.15,4.329732734,0.443951165,1950
102,1956,7,2952,66713,27.29,4.424924677,0.515653775,1950
103,1956,8,2701,66713,27.31,4.048686163,0.073286918,1950
104,1956,9,2635,66713,27.35,3.94975492,0.146466496,1950
105,1956,10,2571,66634,27.51,3.858390611,0.585009141,1950
106,1956,11,2861,66634,27.51,4.293603866,0,1950
107,1956,12,2790,66634,27.63,4.187051655,0.436205016,1950
108,1957,1,2796,66740,27.67,4.189391669,0.144770177,1950
109,1957,2,2622,66740,27.8,3.928678454,0.469822913,1950
110,1957,3,2509,66740,27.86,3.759364699,0.215827338,1950
111,1957,4,2600,66798,27.93,3.892332106,0.251256281,1950
112,1957,5,2710,66798,28,4.057007695,0.250626566,1950
113,1957,6,2856,66798,28.11,4.275577113,0.392857143,1950
114,1957,7,2796,67035,28.19,4.170955471,0.284596229,1950
115,1957,8,2747,67035,28.28,4.097859327,0.31926215,1950
116,1957,9,2943,67035,28.32,4.390243902,0.141442716,1950
117,1957,10,3020,67196,28.32,4.494315138,0,1950
118,1957,11,3454,67196,28.41,5.140186916,0.31779661,1950
119,1957,12,3476,67196,28.47,5.17292696,0.211193242,1950
120,1958,1,3875,67173,28.64,5.768686824,0.597119775,1950
121,1958,2,4303,67173,28.7,6.405847588,0.209497207,1950
122,1958,3,4492,67173,28.87,6.687210635,0.592334495,1950
123,1958,4,5016,67739,28.94,7.404892307,0.242466228,1950
124,1958,5,5021,67739,28.94,7.412273579,0,1950
125,1958,6,4944,67739,28.91,7.298601987,-0.103662751,1950
126,1958,7,5079,67954,28.89,7.474173706,-0.069180214,1950
127,1958,8,5025,67954,28.94,7.394708185,0.173070267,1950
128,1958,9,4821,67954,28.91,7.094505106,-0.103662751,1950
129,1958,10,4570,67814,28.91,6.739021441,0,1950
130,1958,11,4188,67814,28.95,6.175715929,0.138360429,1950
131,1958,12,4191,67814,28.97,6.180139794,0.069084629,1950
132,1959,1,4068,67884,29.01,5.99257557,0.13807387,1950
133,1959,2,3965,67884,29,5.840846149,-0.034470872,1950
134,1959,3,3801,67884,28.97,5.599257557,-0.103448276,1950
135,1959,4,3571,68265,28.98,5.231084743,0.034518467,1950
136,1959,5,3479,68265,29.04,5.096315828,0.207039337,1950
137,1959,6,3429,68265,29.11,5.023071852,0.241046832,1950
138,1959,7,3528,68505,29.15,5.149989052,0.137409825,1950
139,1959,8,3588,68505,29.18,5.2375739,0.102915952,1950
140,1959,9,3775,68505,29.25,5.510546675,0.239890336,1950
141,1959,10,3910,68783,29.35,5.684544146,0.341880342,1950
142,1959,11,4003,68783,29.35,5.819751974,0,1950
143,1959,12,3653,68783,29.41,5.310905311,0.204429302,1950
144,1960,1,3615,68770,29.37,5.25665261,-0.13600816,1950
145,1960,2,3329,68770,29.41,4.840773593,0.136193395,1950
146,1960,3,3726,68770,29.41,5.418060201,0,1950
147,1960,4,3620,69713,29.54,5.192718718,0.442026522,1950
148,1960,5,3569,69713,29.57,5.119561631,0.101557211,1950
149,1960,6,3766,69713,29.61,5.40214881,0.135272235,1950
150,1960,7,3836,69912,29.55,5.486897814,-0.202634245,1950
151,1960,8,3946,69912,29.61,5.644238471,0.203045685,1950
152,1960,9,3884,69912,29.61,5.555555556,0,1950
153,1960,10,4252,70239,29.75,6.053616936,0.472813239,1950
154,1960,11,4330,70239,29.78,6.164666353,0.100840336,1950
155,1960,12,4617,70239,29.81,6.57327126,0.100738751,1950
156,1961,1,4671,70523,29.84,6.623371099,0.10063737,1960
157,1961,2,4832,70523,29.84,6.851665414,0,1960
158,1961,3,4853,70523,29.84,6.881442934,0,1960
159,1961,4,4893,70532,29.81,6.937276697,-0.100536193,1960
160,1961,5,5003,70532,29.84,7.093234277,0.10063737,1960
161,1961,6,4885,70532,29.84,6.925934328,0,1960
162,1961,7,4928,70429,29.92,6.997117665,0.268096515,1960
163,1961,8,4682,70429,29.94,6.647829729,0.06684492,1960
164,1961,9,4676,70429,29.98,6.639310511,0.133600534,1960
165,1961,10,4573,70315,29.98,6.503590983,0,1960
166,1961,11,4295,70315,29.98,6.108227263,0,1960
167,1961,12,4177,70315,30.01,5.940411008,0.100066711,1960
168,1962,1,4081,70337,30.04,5.802067191,0.099966678,1960
169,1962,2,3871,70337,30.11,5.503504557,0.233022636,1960
170,1962,3,3921,70337,30.17,5.574590898,0.199269346,1960
171,1962,4,3906,70448,30.21,5.544515103,0.132582035,1960
172,1962,5,3863,70448,30.24,5.483477175,0.099304866,1960
173,1962,6,3844,70448,30.21,5.456506927,-0.099206349,1960
174,1962,7,3819,70812,30.22,5.393153703,0.033101622,1960
175,1962,8,4013,70812,30.28,5.667118567,0.198544011,1960
176,1962,9,3961,70812,30.42,5.593684686,0.462351387,1960
177,1962,10,3803,70881,30.38,5.365330625,-0.131492439,1960
178,1962,11,4024,70881,30.38,5.677120808,0,1960
179,1962,12,3907,70881,30.38,5.512055417,0,1960
180,1963,1,4074,71277,30.44,5.715728776,0.197498354,1960
181,1963,2,4238,71277,30.48,5.945817024,0.131406045,1960
182,1963,3,4072,71277,30.51,5.712922822,0.098425197,1960
183,1963,4,4055,71718,30.48,5.654089629,-0.098328417,1960
184,1963,5,4217,71718,30.51,5.879974344,0.098425197,1960
185,1963,6,3977,71718,30.61,5.545330322,0.32776139,1960
186,1963,7,4051,71958,30.69,5.629672865,0.261352499,1960
187,1963,8,3878,71958,30.75,5.389254843,0.195503421,1960
188,1963,9,3957,71958,30.72,5.499041107,-0.097560976,1960
189,1963,10,3987,72296,30.75,5.51482793,0.09765625,1960
190,1963,11,4151,72296,30.78,5.741673122,0.097560976,1960
191,1963,12,3975,72296,30.88,5.498229501,0.32488629,1960
192,1964,1,4029,72584,30.94,5.550810096,0.194300518,1960
193,1964,2,3932,72584,30.91,5.417171829,-0.096961862,1960
194,1964,3,3950,72584,30.94,5.441970682,0.097055969,1960
195,1964,4,3918,73234,30.95,5.349974056,0.032320621,1960
196,1964,5,3764,73234,30.98,5.139689215,0.096930533,1960
197,1964,6,3814,73234,31.01,5.207963514,0.096836669,1960
198,1964,7,3608,73138,31.02,4.933140091,0.032247662,1960
199,1964,8,3655,73138,31.05,4.997402171,0.096711799,1960
200,1964,9,3712,73138,31.08,5.075337034,0.096618357,1960
201,1964,10,3726,73353,31.12,5.079546849,0.128700129,1960
202,1964,11,3551,73353,31.21,4.840974466,0.289203085,1960
203,1964,12,3651,73353,31.25,4.977301542,0.12816405,1960
204,1965,1,3572,73792,31.28,4.840633131,0.096,1960
205,1965,2,3730,73792,31.28,5.054748482,0,1960
206,1965,3,3510,73792,31.31,4.756613183,0.095907928,1960
207,1965,4,3595,74369,31.38,4.834003415,0.223570744,1960
208,1965,5,3432,74369,31.48,4.61482607,0.318674315,1960
209,1965,6,3387,74369,31.61,4.554316987,0.41296061,1960
210,1965,7,3301,74626,31.58,4.423391311,-0.094906675,1960
211,1965,8,3254,74626,31.55,4.360410581,-0.094996833,1960
212,1965,9,3216,74626,31.62,4.30948999,0.221870048,1960
213,1965,10,3143,74909,31.65,4.195757519,0.09487666,1960
214,1965,11,3073,74909,31.75,4.102310804,0.315955766,1960
215,1965,12,3031,74909,31.85,4.046242775,0.31496063,1960
216,1966,1,2988,75072,31.88,3.980179028,0.094191523,1960
217,1966,2,2820,75072,32.08,3.756393862,0.627352572,1960
218,1966,3,2887,75072,32.18,3.845641517,0.311720698,1960
219,1966,4,2828,75477,32.28,3.746836785,0.31075202,1960
220,1966,5,2950,75477,32.35,3.90847543,0.21685254,1960
221,1966,6,2872,75477,32.38,3.805132689,0.092735703,1960
222,1966,7,2876,75946,32.45,3.786901219,0.216182829,1960
223,1966,8,2900,75946,32.65,3.81850262,0.61633282,1960
224,1966,9,2798,75946,32.75,3.684196666,0.306278714,1960
225,1966,10,2798,76483,32.85,3.658329302,0.305343511,1960
226,1966,11,2770,76483,32.88,3.621719859,0.091324201,1960
227,1966,12,2912,76483,32.92,3.807382033,0.121654501,1960
228,1967,1,2968,76496,32.9,3.879941435,-0.060753341,1960
229,1967,2,2915,76496,33,3.810656766,0.303951368,1960
230,1967,3,2889,76496,33,3.776668061,0,1960
231,1967,4,2895,76940,33.1,3.762672212,0.303030303,1960
232,1967,5,2929,76940,33.1,3.80686249,0,1960
233,1967,6,2992,76940,33.3,3.888744476,0.604229607,1960
234,1967,7,2944,77663,33.4,3.790736902,0.3003003,1960
235,1967,8,2945,77663,33.5,3.792024516,0.299401198,1960
236,1967,9,2958,77663,33.6,3.808763504,0.298507463,1960
237,1967,10,3143,78292,33.7,4.014458693,0.297619048,1960
238,1967,11,3066,78292,33.9,3.916108926,0.59347181,1960
239,1967,12,3018,78292,34,3.85479998,0.294985251,1960
240,1968,1,2878,78021,34.1,3.688750465,0.294117647,1960
241,1968,2,3001,78021,34.2,3.846400328,0.293255132,1960
242,1968,3,2877,78021,34.3,3.687468758,0.292397661,1960
243,1968,4,2709,78746,34.4,3.440174739,0.29154519,1960
244,1968,5,2740,78746,34.5,3.479541818,0.290697674,1960
245,1968,6,2938,78746,34.7,3.730983161,0.579710145,1960
246,1968,7,2883,78880,34.9,3.654918864,0.576368876,1960
247,1968,8,2768,78880,35,3.509127789,0.286532951,1960
248,1968,9,2686,78880,35.1,3.405172414,0.285714286,1960
249,1968,10,2689,79195,35.3,3.395416377,0.56980057,1960
250,1968,11,2715,79195,35.4,3.428246733,0.283286119,1960
251,1968,12,2685,79195,35.6,3.390365553,0.564971751,1960
252,1969,1,2718,79874,35.7,3.402859504,0.280898876,1960
253,1969,2,2692,79874,35.8,3.370308235,0.280112045,1960
254,1969,3,2712,79874,36.1,3.395347673,0.837988827,1960
255,1969,4,2758,80367,36.3,3.431756816,0.55401662,1960
256,1969,5,2713,80367,36.4,3.375763684,0.275482094,1960
257,1969,6,2816,80367,36.6,3.503925741,0.549450549,1960
258,1969,7,2868,81074,36.8,3.537508942,0.546448087,1960
259,1969,8,2856,81074,36.9,3.52270765,0.27173913,1960
260,1969,9,3040,81074,37.1,3.749660804,0.54200542,1960
261,1969,10,3049,81505,37.3,3.740874793,0.539083558,1960
262,1969,11,2856,81505,37.5,3.504079504,0.536193029,1960
263,1969,12,2884,81505,37.7,3.538433225,0.533333333,1960
264,1970,1,3201,82210,37.9,3.893686899,0.530503979,1950
265,1970,2,3453,82210,38.1,4.200218951,0.527704485,1950
266,1970,3,3635,82210,38.3,4.421603211,0.524934383,1950
267,1970,4,3797,82565,38.5,4.598800945,0.522193211,1950
268,1970,5,3919,82565,38.6,4.746563314,0.25974026,1950
269,1970,6,4071,82565,38.8,4.930660692,0.518134715,1950
270,1970,7,4175,82912,38.9,5.035459282,0.257731959,1950
271,1970,8,4256,82912,39,5.133153223,0.257069409,1950
272,1970,9,4456,82912,39.2,5.374372829,0.512820513,1950
273,1970,10,4591,83498,39.4,5.498335289,0.510204082,1950
274,1970,11,4898,83498,39.6,5.866008767,0.507614213,1950
275,1970,12,5076,83498,39.8,6.079187525,0.505050505,1950
276,1971,1,4986,83676,39.9,5.958697835,0.251256281,1970
277,1971,2,4903,83676,39.9,5.859505713,0,1970
278,1971,3,4987,83676,40,5.95989292,0.250626566,1970
279,1971,4,4959,83929,40.1,5.908565573,0.25,1970
280,1971,5,4996,83929,40.3,5.952650455,0.498753117,1970
281,1971,6,4949,83929,40.5,5.896650741,0.496277916,1970
282,1971,7,5035,84581,40.6,5.952873577,0.24691358,1970
283,1971,8,5134,84581,40.7,6.069921141,0.246305419,1970
284,1971,9,5042,84581,40.8,5.961149667,0.245700246,1970
285,1971,10,4954,85318,40.9,5.806512108,0.245098039,1970
286,1971,11,5161,85318,41,6.049133829,0.244498778,1970
287,1971,12,5154,85318,41.1,6.040929229,0.243902439,1970
288,1972,1,5019,86208,41.2,5.821965479,0.243309002,1970
289,1972,2,4928,86208,41.4,5.71640683,0.485436893,1970
290,1972,3,5038,86208,41.4,5.844005197,0,1970
291,1972,4,4959,86810,41.5,5.712475521,0.241545894,1970
292,1972,5,4922,86810,41.6,5.669853703,0.240963855,1970
293,1972,6,4923,86810,41.7,5.671005645,0.240384615,1970
294,1972,7,4913,87351,41.8,5.624434752,0.239808153,1970
295,1972,8,4939,87351,41.9,5.654199723,0.23923445,1970
296,1972,9,4849,87351,42.1,5.55116713,0.477326969,1970
297,1972,10,4875,87675,42.2,5.560307956,0.237529691,1970
298,1972,11,4602,87675,42.4,5.24893071,0.473933649,1970
299,1972,12,4543,87675,42.5,5.181636727,0.235849057,1970
300,1973,1,4326,88232,42.7,4.902983045,0.470588235,1970
301,1973,2,4452,88232,43,5.045788376,0.702576112,1970
302,1973,3,4394,88232,43.4,4.980052589,0.930232558,1970
303,1973,4,4459,89181,43.7,4.999943934,0.69124424,1970
304,1973,5,4329,89181,43.9,4.854172974,0.457665904,1970
305,1973,6,4363,89181,44.2,4.892297687,0.683371298,1970
306,1973,7,4305,89650,44.2,4.802007808,0,1970
307,1973,8,4305,89650,45,4.802007808,1.809954751,1970
308,1973,9,4350,89650,45.2,4.852203012,0.444444444,1970
309,1973,10,4144,90579,45.6,4.575011868,0.884955752,1970
310,1973,11,4396,90579,45.9,4.853222049,0.657894737,1970
311,1973,12,4489,90579,46.3,4.955894854,0.871459695,1970
312,1974,1,4644,91379,46.8,5.082130468,1.079913607,1970
313,1974,2,4731,91379,47.3,5.177338338,1.068376068,1970
314,1974,3,4634,91379,47.8,5.071187034,1.057082452,1970
315,1974,4,4618,91584,48.1,5.042365479,0.627615063,1970
316,1974,5,4705,91584,48.6,5.137360238,1.03950104,1970
317,1974,6,4927,91584,49,5.379760657,0.823045267,1970
318,1974,7,5063,92253,49.3,5.488168406,0.612244898,1970
319,1974,8,5022,92253,49.9,5.443725407,1.21703854,1970
320,1974,9,5437,92253,50.6,5.893575277,1.402805611,1970
321,1974,10,5523,92688,51,5.958700155,0.790513834,1970
322,1974,11,6140,92688,51.5,6.624374245,0.980392157,1970
323,1974,12,6636,92688,51.9,7.159502848,0.776699029,1970
324,1975,1,7501,93023,52.3,8.063597175,0.770712909,1970
325,1975,2,7520,93023,52.6,8.084022231,0.573613767,1970
326,1975,3,7978,93023,52.8,8.576373585,0.380228137,1970
327,1975,4,8210,93619,53,8.76958737,0.378787879,1970
328,1975,5,8433,93619,53.1,9.007786881,0.188679245,1970
329,1975,6,8220,93619,53.5,8.780268963,0.753295669,1970
330,1975,7,8127,94128,54,8.633987761,0.934579439,1970
331,1975,8,7928,94128,54.2,8.422573517,0.37037037,1970
332,1975,9,7923,94128,54.6,8.417261601,0.73800738,1970
333,1975,10,7897,94309,54.9,8.37353805,0.549450549,1970
334,1975,11,7794,94309,55.3,8.264322599,0.72859745,1970
335,1975,12,7744,94309,55.6,8.21130539,0.542495479,1970
336,1976,1,7534,95049,55.8,7.926437943,0.35971223,1970
337,1976,2,7326,95049,55.9,7.707603447,0.17921147,1970
338,1976,3,7230,95049,56,7.60660291,0.178890877,1970
339,1976,4,7330,95826,56.1,7.649280988,0.178571429,1970
340,1976,5,7053,95826,56.4,7.36021539,0.534759358,1970
341,1976,6,7322,95826,56.7,7.640932524,0.531914894,1970
342,1976,7,7490,96626,57,7.751536853,0.529100529,1970
343,1976,8,7518,96626,57.3,7.780514561,0.526315789,1970
344,1976,9,7380,96626,57.6,7.637695858,0.523560209,1970
345,1976,10,7430,97102,57.9,7.651747647,0.520833333,1970
346,1976,11,7620,97102,58.1,7.847418179,0.345423143,1970
347,1976,12,7545,97102,58.4,7.770179811,0.516351119,1970
348,1977,1,7280,97703,58.7,7.451152984,0.51369863,1970
349,1977,2,7443,97703,59.3,7.617985118,1.022146508,1970
350,1977,3,7307,97703,59.6,7.478787755,0.505902192,1970
351,1977,4,7059,98696,60,7.152265543,0.67114094,1970
352,1977,5,6911,98696,60.2,7.002310124,0.333333333,1970
353,1977,6,7134,98696,60.5,7.228256464,0.49833887,1970
354,1977,7,6829,99244,60.8,6.881020515,0.495867769,1970
355,1977,8,6925,99244,61.1,6.977751804,0.493421053,1970
356,1977,9,6751,99244,61.3,6.802426343,0.327332242,1970
357,1977,10,6763,100294,61.6,6.743175065,0.489396411,1970
358,1977,11,6815,100294,62,6.795022633,0.649350649,1970
359,1977,12,6386,100294,62.3,6.367280196,0.483870968,1970
360,1978,1,6489,100934,62.7,6.428953574,0.642054575,1970
361,1978,2,6318,100934,63,6.259535934,0.4784689,1970
362,1978,3,6337,100934,63.4,6.278360117,0.634920635,1970
363,1978,4,6180,101947,63.9,6.061973378,0.788643533,1970
364,1978,5,6127,101947,64.5,6.009985581,0.938967136,1970
365,1978,6,6028,101947,65,5.912876298,0.775193798,1970
366,1978,7,6309,102568,65.5,6.15104126,0.769230769,1970
367,1978,8,6080,102568,65.9,5.927774745,0.610687023,1970
368,1978,9,6125,102568,66.5,5.971648077,0.91047041,1970
369,1978,10,5947,103484,67.1,5.746782111,0.902255639,1970
370,1978,11,6077,103484,67.5,5.872405396,0.596125186,1970
371,1978,12,6228,103484,67.9,6.018321673,0.592592593,1970
372,1979,1,6109,104383,68.5,5.852485558,0.88365243,1970
373,1979,2,6173,104383,69.2,5.913798224,1.02189781,1970
374,1979,3,6109,104383,69.9,5.852485558,1.011560694,1970
375,1979,4,6069,104327,70.6,5.817286033,1.001430615,1970
376,1979,5,5840,104327,71.4,5.597783891,1.133144476,1970
377,1979,6,5959,104327,72.2,5.711848323,1.120448179,1970
378,1979,7,5996,105209,73,5.699132204,1.108033241,1970
379,1979,8,6320,105209,73.7,6.007090648,0.95890411,1970
380,1979,9,6190,105209,74.4,5.883527075,0.949796472,1970
381,1979,10,6296,105923,75.2,5.94394041,1.075268817,1970
382,1979,11,6238,105923,76,5.889183652,1.063829787,1970
383,1979,12,6325,105923,76.9,5.971318788,1.184210526,1970
384,1980,1,6683,106567,78,6.271172126,1.430429129,1980
385,1980,2,6702,106567,79,6.289001286,1.282051282,1980
386,1980,3,6729,106567,80.1,6.314337459,1.392405063,1980
387,1980,4,7358,106767,80.9,6.891642549,0.998751561,1980
388,1980,5,7984,106767,81.7,7.477966038,0.988875155,1980
389,1980,6,8098,106767,82.5,7.584740603,0.979192166,1980
390,1980,7,8363,107121,82.6,7.807059307,0.121212121,1980
391,1980,8,8281,107121,83.2,7.730510357,0.726392252,1980
392,1980,9,8021,107121,83.9,7.487794177,0.841346154,1980
393,1980,10,8088,107442,84.7,7.527782431,0.953516091,1980
394,1980,11,8023,107442,85.6,7.467284675,1.06257379,1980
395,1980,12,7718,107442,86.4,7.183410584,0.934579439,1980
396,1981,1,8071,108274,87.2,7.454236474,0.925925926,1980
397,1981,2,8051,108274,88,7.435764819,0.917431193,1980
398,1981,3,7982,108274,88.6,7.372037608,0.681818182,1980
399,1981,4,7869,108848,89.1,7.229347347,0.564334086,1980
400,1981,5,8174,108848,89.7,7.509554608,0.673400673,1980
401,1981,6,8098,108848,90.5,7.439732471,0.891861761,1980
402,1981,7,7863,108525,91.5,7.245335176,1.104972376,1980
403,1981,8,8036,108525,92.2,7.40474545,0.765027322,1980
404,1981,9,8230,108525,93.1,7.583506105,0.976138829,1980
405,1981,10,8646,109057,93.4,7.927964276,0.322234157,1980
406,1981,11,9029,109057,93.8,8.279156771,0.428265525,1980
407,1981,12,9267,109057,94.1,8.497391272,0.319829424,1980
408,1982,1,9397,109374,94.4,8.591621409,0.318809777,1980
409,1982,2,9705,109374,94.7,8.873223984,0.31779661,1980
410,1982,3,9895,109374,94.7,9.046939858,0,1980
411,1982,4,10244,110117,95,9.302832442,0.316789863,1980
412,1982,5,10335,110117,95.9,9.385471816,0.947368421,1980
413,1982,6,10538,110117,97,9.56982119,1.147028154,1980
414,1982,7,10849,110526,97.5,9.81578995,0.515463918,1980
415,1982,8,10881,110526,97.7,9.844742414,0.205128205,1980
416,1982,9,11217,110526,97.7,10.14874328,0,1980
417,1982,10,11529,110959,98.1,10.39032435,0.409416581,1980
418,1982,11,11938,110959,98,10.75892897,-0.101936799,1980
419,1982,12,12051,110959,97.7,10.86076839,-0.306122449,1980
420,1983,1,11534,110639,97.9,10.42489538,0.204708291,1980
421,1983,2,11545,110639,98,10.43483763,0.102145046,1980
422,1983,3,11408,110639,98.1,10.31101149,0.102040816,1980
423,1983,4,11268,111168,98.8,10.13601036,0.713557594,1980
424,1983,5,11154,111168,99.2,10.03346287,0.4048583,1980
425,1983,6,11246,111168,99.4,10.1162205,0.201612903,1980
426,1983,7,10548,112095,99.8,9.409875552,0.402414487,1980
427,1983,8,10623,112095,100.1,9.476783086,0.300601202,1980
428,1983,9,10282,112095,100.4,9.172576832,0.2997003,1980
429,1983,10,9887,112160,100.8,8.815085592,0.398406375,1980
430,1983,11,9499,112160,101.1,8.469151213,0.297619048,1980
431,1983,12,9331,112160,101.4,8.319365193,0.296735905,1980
432,1984,1,9008,112512,102.1,8.00625711,0.690335306,1980
433,1984,2,8791,112512,102.6,7.813388794,0.489715965,1980
434,1984,3,8746,112512,102.9,7.77339306,0.292397661,1980
435,1984,4,8762,113521,103.3,7.718395715,0.388726919,1980
436,1984,5,8456,113521,103.5,7.448842064,0.193610842,1980
437,1984,6,8226,113521,103.7,7.246236379,0.193236715,1980
438,1984,7,8537,113837,104.1,7.499319202,0.385728062,1980
439,1984,8,8519,113837,104.4,7.48350712,0.288184438,1980
440,1984,9,8367,113837,104.7,7.34998287,0.287356322,1980
441,1984,10,8381,114257,105.1,7.335217974,0.382043935,1980
442,1984,11,8198,114257,105.3,7.175052732,0.190294957,1980
443,1984,12,8358,114257,105.5,7.315087916,0.189933523,1980
444,1985,1,8423,114976,105.7,7.325876705,0.18957346,1980
445,1985,2,8321,114976,106.3,7.237162538,0.567644276,1980
446,1985,3,8339,114976,106.8,7.252817979,0.470366886,1980
447,1985,4,8395,115177,107,7.288781614,0.187265918,1980
448,1985,5,8302,115177,107.2,7.208036327,0.186915888,1980
449,1985,6,8460,115177,107.5,7.345216493,0.279850746,1980
450,1985,7,8513,115505,107.7,7.370243712,0.186046512,1980
451,1985,8,8196,115505,107.9,7.095796719,0.185701021,1980
452,1985,9,8248,115505,108.1,7.140816415,0.185356812,1980
453,1985,10,8298,116211,108.5,7.140460025,0.370027752,1980
454,1985,11,8128,116211,109,6.99417439,0.460829493,1980
455,1985,12,8138,116211,109.5,7.002779427,0.458715596,1980
456,1986,1,7795,116928,109.9,6.666495621,0.365296804,1980
457,1986,2,8402,116928,109.7,7.1856185,-0.181983621,1980
458,1986,3,8383,116928,109.1,7.169369184,-0.546946217,1980
459,1986,4,8364,117643,108.7,7.109645283,-0.366636114,1980
460,1986,5,8439,117643,109,7.173397482,0.27598896,1980
461,1986,6,8508,117643,109.4,7.232049506,0.366972477,1980
462,1986,7,8319,118225,109.5,7.036582787,0.091407678,1980
463,1986,8,8135,118225,109.6,6.880947346,0.091324201,1980
464,1986,9,8310,118225,110,7.028970184,0.364963504,1980
465,1986,10,8243,118587,110.2,6.951014867,0.181818182,1980
466,1986,11,8159,118587,110.4,6.880180796,0.181488203,1980
467,1986,12,7883,118587,110.8,6.647440276,0.362318841,1980
468,1987,1,7892,119079,111.4,6.627532982,0.541516245,1980
469,1987,2,7865,119079,111.8,6.604858959,0.359066427,1980
470,1987,3,7862,119079,112.2,6.602339623,0.357781753,1980
471,1987,4,7542,119663,112.7,6.302700083,0.445632799,1980
472,1987,5,7574,119663,113,6.329441849,0.266193434,1980
473,1987,6,7398,119663,113.5,6.182362134,0.442477876,1980
474,1987,7,7268,120077,113.8,6.052782798,0.264317181,1980
475,1987,8,7261,120077,114.3,6.046953205,0.439367311,1980
476,1987,9,7102,120077,114.7,5.914538171,0.349956255,1980
477,1987,10,7227,120593,115,5.992885159,0.261551874,1980
478,1987,11,7035,120593,115.4,5.833671938,0.347826087,1980
479,1987,12,6936,120593,115.6,5.751577621,0.173310225,1980
480,1988,1,6953,121013,116,5.745663689,0.346020761,1980
481,1988,2,6929,121013,116.2,5.725831109,0.172413793,1980
482,1988,3,6876,121013,116.5,5.682034162,0.258175559,1980
483,1988,4,6601,121265,117.2,5.443450295,0.600858369,1980
484,1988,5,6779,121265,117.5,5.590236259,0.255972696,1980
485,1988,6,6546,121265,118,5.398095081,0.425531915,1980
486,1988,7,6605,121917,118.5,5.417620184,0.423728814,1980
487,1988,8,6843,121917,119,5.612834961,0.421940928,1980
488,1988,9,6604,121917,119.5,5.416799954,0.420168067,1980
489,1988,10,6568,122488,119.9,5.362157926,0.334728033,1980
490,1988,11,6537,122488,120.3,5.336849324,0.333611343,1980
491,1988,12,6518,122488,120.7,5.3213376,0.332502078,1980
492,1989,1,6682,123251,121.2,5.421457027,0.414250207,1980
493,1989,2,6359,123251,121.6,5.159390188,0.330033003,1980
494,1989,3,6205,123251,122.2,5.034441911,0.493421053,1980
495,1989,4,6468,123678,123.1,5.229709407,0.736497545,1980
496,1989,5,6375,123678,123.7,5.154514142,0.487408611,1980
497,1989,6,6577,123678,124.1,5.317841492,0.323362975,1980
498,1989,7,6495,124026,124.5,5.236805186,0.322320709,1980
499,1989,8,6511,124026,124.5,5.249705707,0,1980
500,1989,9,6590,124026,124.8,5.313402029,0.240963855,1980
501,1989,10,6630,124448,125.4,5.327526356,0.480769231,1980
502,1989,11,6725,124448,125.9,5.403863461,0.398724083,1980
503,1989,12,6667,124448,126.3,5.35725765,0.31771247,1980
504,1990,1,6752,125781,127.5,5.368060359,0.950118765,1990
505,1990,2,6651,125781,128,5.287762063,0.392156863,1990
506,1990,3,6598,125781,128.6,5.245625333,0.46875,1990
507,1990,4,6797,125705,128.9,5.407103934,0.233281493,1990
508,1990,5,6742,125705,129.1,5.363350702,0.155159038,1990
509,1990,6,6590,125705,129.9,5.24243268,0.619674671,1990
510,1990,7,6922,125871,130.5,5.49928101,0.461893764,1990
511,1990,8,7188,125871,131.6,5.71060848,0.842911877,1990
512,1990,9,7368,125871,132.5,5.853612031,0.683890578,1990
513,1990,10,7459,126069,133.4,5.916601226,0.679245283,1990
514,1990,11,7764,126069,133.7,6.158532232,0.224887556,1990
515,1990,12,7901,126069,134.2,6.267202881,0.373971578,1990
516,1991,1,8015,126071,134.7,6.357528694,0.372578241,1990
517,1991,2,8265,126071,134.8,6.555829652,0.07423905,1990
518,1991,3,8586,126071,134.8,6.810448081,0,1990
519,1991,4,8439,126352,135.1,6.678960365,0.222551929,1990
520,1991,5,8736,126352,135.6,6.914017982,0.370096225,1990
521,1991,6,8692,126352,136,6.879194631,0.294985251,1990
522,1991,7,8586,126318,136.2,6.79713105,0.147058824,1990
523,1991,8,8666,126318,136.6,6.860463275,0.293685756,1990
524,1991,9,8722,126318,137,6.904795833,0.292825769,1990
525,1991,10,8842,126669,137.2,6.98039773,0.145985401,1990
526,1991,11,8931,126669,137.8,7.050659593,0.437317784,1990
527,1991,12,9198,126669,138.2,7.261445184,0.290275762,1990
528,1992,1,9283,127357,138.3,7.288959382,0.0723589,1990
529,1992,2,9454,127357,138.6,7.42322762,0.21691974,1990
530,1992,3,9460,127357,139.1,7.427938786,0.360750361,1990
531,1992,4,9415,128140,139.4,7.347432496,0.215672178,1990
532,1992,5,9744,128140,139.7,7.604182925,0.215208034,1990
533,1992,6,10040,128140,140.1,7.835180272,0.286327845,1990
534,1992,7,9850,128559,140.5,7.661851757,0.28551035,1990
535,1992,8,9787,128559,140.8,7.61284702,0.213523132,1990
536,1992,9,9781,128559,141.1,7.608179902,0.213068182,1990
537,1992,10,9398,128340,141.7,7.322736481,0.425230333,1990
538,1992,11,9565,128340,142.1,7.452859592,0.282286521,1990
539,1992,12,9557,128340,142.3,7.446626149,0.140745954,1990
540,1993,1,9325,128485,142.8,7.257656536,0.351370344,1990
541,1993,2,9183,128485,143.1,7.147137798,0.210084034,1990
542,1993,3,9056,128485,143.3,7.048293575,0.139762404,1990
543,1993,4,9110,129086,143.8,7.05731063,0.348918353,1990
544,1993,5,9149,129086,144.2,7.087523047,0.278164117,1990
545,1993,6,9121,129086,144.3,7.065832081,0.069348128,1990
546,1993,7,8930,129428,144.5,6.899588961,0.138600139,1990
547,1993,8,8763,129428,144.8,6.770559693,0.207612457,1990
548,1993,9,8714,129428,145,6.732700807,0.138121547,1990
549,1993,10,8750,129742,145.6,6.744153782,0.413793103,1990
550,1993,11,8542,129742,146,6.583835612,0.274725275,1990
551,1993,12,8477,129742,146.3,6.533736184,0.205479452,1990
552,1994,1,8630,130555,146.3,6.610240895,0,1990
553,1994,2,8583,130555,146.7,6.574240741,0.2734108,1990
554,1994,3,8470,130555,147.1,6.487687182,0.272665303,1990
555,1994,4,8331,130654,147.2,6.376383425,0.067980965,1990
556,1994,5,7915,130654,147.5,6.057985213,0.203804348,1990
557,1994,6,7927,130654,147.9,6.067169777,0.271186441,1990
558,1994,7,7946,131116,148.4,6.060282498,0.338066261,1990
559,1994,8,7933,131116,149,6.050367613,0.404312668,1990
560,1994,9,7734,131116,149.3,5.898593612,0.201342282,1990
561,1994,10,7632,131862,149.4,5.787869136,0.066979236,1990
562,1994,11,7375,131862,149.8,5.592968406,0.267737617,1990
563,1994,12,7230,131862,150.1,5.48300496,0.200267023,1990
564,1995,1,7375,132087,150.5,5.583441217,0.266489007,1990
565,1995,2,7187,132087,150.9,5.441110783,0.265780731,1990
566,1995,3,7153,132087,151.2,5.415370173,0.198807157,1990
567,1995,4,7645,132130,151.8,5.785968364,0.396825397,1990
568,1995,5,7430,132130,152.1,5.62324983,0.197628458,1990
569,1995,6,7427,132130,152.4,5.620979339,0.197238659,1990
570,1995,7,7527,132430,152.6,5.683757457,0.131233596,1990
571,1995,8,7484,132430,152.9,5.651287473,0.196592398,1990
572,1995,9,7478,132430,153.1,5.646756777,0.130804447,1990
573,1995,10,7328,132614,153.5,5.525811754,0.261267146,1990
574,1995,11,7426,132614,153.7,5.599710438,0.13029316,1990
575,1995,12,7423,132614,153.9,5.597448233,0.130123617,1990
576,1996,1,7491,132916,154.7,5.635890337,0.519818064,1990
577,1996,2,7313,132916,155,5.50197117,0.193923723,1990
578,1996,3,7318,132916,155.5,5.505732944,0.322580645,1990
579,1996,4,7415,133591,156.1,5.550523613,0.38585209,1990
580,1996,5,7423,133591,156.4,5.55651204,0.192184497,1990
581,1996,6,7095,133591,156.7,5.310986519,0.191815857,1990
582,1996,7,7337,134284,157,5.463793155,0.191448628,1990
583,1996,8,6882,134284,157.2,5.124959042,0.127388535,1990
584,1996,9,6979,134284,157.7,5.197194007,0.318066158,1990
585,1996,10,7031,135014,158.2,5.2076081,0.317057705,1990
586,1996,11,7236,135014,158.7,5.359444206,0.316055626,1990
587,1996,12,7253,135014,159.1,5.372035493,0.252047889,1990
588,1997,1,7158,135582,159.4,5.279461875,0.188560654,1990
589,1997,2,7102,135582,159.7,5.238158458,0.188205772,1990
590,1997,3,7000,135582,159.8,5.162927232,0.062617408,1990
591,1997,4,6873,136115,159.9,5.049406752,0.062578223,1990
592,1997,5,6655,136115,159.9,4.889248062,0,1990
593,1997,6,6799,136115,160.2,4.995040958,0.187617261,1990
594,1997,7,6655,136590,160.4,4.872245406,0.124843945,1990
595,1997,8,6608,136590,160.8,4.837835859,0.249376559,1990
596,1997,9,6656,136590,161.2,4.872977524,0.248756219,1990
597,1997,10,6454,136916,161.5,4.713839142,0.186104218,1990
598,1997,11,6308,136916,161.7,4.607204417,0.123839009,1990
599,1997,12,6476,136916,161.8,4.729907388,0.061842919,1990
600,1998,1,6368,137148,162,4.643159215,0.123609394,1990
601,1998,2,6306,137148,162,4.597952577,0,1990
602,1998,3,6422,137148,162,4.682532738,0,1990
603,1998,4,5941,137326,162.2,4.326201885,0.12345679,1990
604,1998,5,6047,137326,162.6,4.403390472,0.246609125,1990
605,1998,6,6212,137326,162.8,4.523542519,0.12300123,1990
606,1998,7,6259,137815,163.2,4.541595617,0.245700246,1990
607,1998,8,6179,137815,163.4,4.483546784,0.12254902,1990
608,1998,9,6300,137815,163.5,4.571345645,0.06119951,1990
609,1998,10,6280,138431,163.9,4.536556118,0.244648318,1990
610,1998,11,6100,138431,164.1,4.40652744,0.122025625,1990
611,1998,12,6032,138431,164.4,4.357405494,0.182815356,1990
612,1999,1,5976,138900,164.7,4.30237581,0.182481752,1990
613,1999,2,6111,138900,164.7,4.399568035,0,1990
614,1999,3,5783,138900,164.8,4.163426926,0.060716454,1990
615,1999,4,6004,139132,165.9,4.315326453,0.667475728,1990
616,1999,5,5796,139132,166,4.165828134,0.060277275,1990
617,1999,6,5951,139132,166,4.277233131,0,1990
618,1999,7,6025,139497,166.7,4.319089299,0.421686747,1990
619,1999,8,5838,139497,167.1,4.185036237,0.23995201,1990
620,1999,9,5915,139497,167.8,4.240234557,0.418910832,1990
621,1999,10,5778,139991,168.1,4.127408191,0.178784267,1990
622,1999,11,5716,139991,168.4,4.083119629,0.178465199,1990
623,1999,12,5653,139991,168.8,4.038116736,0.237529691,1990
624,2000,1,5708,142386,169.3,4.008821092,0.296208531,2000
625,2000,2,5858,142386,170,4.114168528,0.413467218,2000
626,2000,3,5733,142386,171,4.026378998,0.588235294,2000
627,2000,4,5481,142577,170.9,3.844238552,-0.058479532,2000
628,2000,5,5758,142577,171.2,4.038519537,0.175541252,2000
629,2000,6,5651,142577,172.2,3.963472369,0.58411215,2000
630,2000,7,5747,142437,172.7,4.034766248,0.290360046,2000
631,2000,8,5853,142437,172.7,4.109185113,0,2000
632,2000,9,5625,142437,173.6,3.949114345,0.521134916,2000
633,2000,10,5534,142944,173.9,3.871446161,0.17281106,2000
634,2000,11,5639,142944,174.2,3.9449015,0.172512938,2000
635,2000,12,5634,142944,174.6,3.941403627,0.229621125,2000
636,2001,1,6023,143808,175.6,4.188223186,0.572737686,2000
637,2001,2,6089,143808,176,4.234117713,0.227790433,2000
638,2001,3,6141,143808,176.1,4.270277036,0.056818182,2000
639,2001,4,6271,143415,176.4,4.3726249,0.170357751,2000
640,2001,5,6226,143415,177.3,4.341247429,0.510204082,2000
641,2001,6,6484,143415,177.7,4.521144929,0.225606317,2000
642,2001,7,6583,143642,177.4,4.58292143,-0.16882386,2000
643,2001,8,7042,143642,177.4,4.902465853,0,2000
644,2001,9,7142,143642,178.1,4.972083374,0.394588501,2000
645,2001,10,7694,144210,177.6,5.335274946,-0.280741157,2000
646,2001,11,8003,144210,177.5,5.549545801,-0.056306306,2000
647,2001,12,8258,144210,177.4,5.726371264,-0.056338028,2000
648,2002,1,8182,144339,177.7,5.668599616,0.169109357,2000
649,2002,2,8215,144339,178,5.69146246,0.16882386,2000
650,2002,3,8304,144339,178.5,5.753122857,0.280898876,2000
651,2002,4,8599,144824,179.3,5.937551787,0.448179272,2000
652,2002,5,8399,144824,179.5,5.799453129,0.111544897,2000
653,2002,6,8393,144824,179.6,5.79531017,0.055710306,2000
654,2002,7,8390,145121,180,5.781382433,0.222717149,2000
655,2002,8,8304,145121,180.5,5.72212154,0.277777778,2000
656,2002,9,8251,145121,180.8,5.685600292,0.166204986,2000
657,2002,10,8307,145140,181.2,5.723439438,0.221238938,2000
658,2002,11,8520,145140,181.5,5.870194295,0.165562914,2000
659,2002,12,8640,145140,181.8,5.952873088,0.165289256,2000
660,2003,1,8520,146020,182.6,5.834817148,0.440044004,2000
661,2003,2,8618,146020,183.6,5.901931242,0.547645126,2000
662,2003,3,8588,146020,183.9,5.881386111,0.163398693,2000
663,2003,4,8842,146677,183.2,6.028211649,-0.380641653,2000
664,2003,5,8957,146677,182.9,6.106615216,-0.163755459,2000
665,2003,6,9266,146677,183.1,6.317282191,0.109349371,2000
666,2003,7,9011,146487,183.7,6.1513991,0.327689787,2000
667,2003,8,8896,146487,184.5,6.07289384,0.435492651,2000
668,2003,9,8921,146487,185.1,6.089960201,0.325203252,2000
669,2003,10,8732,146815,184.9,5.947621156,-0.108049703,2000
670,2003,11,8576,146815,185,5.841364983,0.054083288,2000
671,2003,12,8317,146815,185.5,5.664952491,0.27027027,2000
672,2004,1,8370,146832,186.3,5.700392285,0.431266846,2000
673,2004,2,8167,146832,186.7,5.562139043,0.214707461,2000
674,2004,3,8491,146832,187.1,5.78279939,0.214247456,2000
675,2004,4,8170,147125,187.4,5.553101105,0.160342063,2000
676,2004,5,8212,147125,188.2,5.581648258,0.426894344,2000
677,2004,6,8286,147125,188.9,5.631945624,0.37194474,2000
678,2004,7,8136,147557,189.1,5.513801446,0.105876125,2000
679,2004,8,7990,147557,189.2,5.414856632,0.052882073,2000
680,2004,9,7927,147557,189.8,5.372161266,0.317124736,2000
681,2004,10,8061,148005,190.8,5.44643762,0.52687039,2000
682,2004,11,7932,148005,191.7,5.359278403,0.471698113,2000
683,2004,12,7934,148005,191.7,5.360629708,0,2000
684,2005,1,7784,148261,191.6,5.25020066,-0.052164841,2000
685,2005,2,7980,148261,192.4,5.382399957,0.417536534,2000
686,2005,3,7737,148261,193.1,5.218499808,0.363825364,2000
687,2005,4,7672,149142,193.7,5.144090866,0.310719834,2000
688,2005,5,7651,149142,193.6,5.130010326,-0.051626226,2000
689,2005,6,7524,149142,193.7,5.04485658,0.051652893,2000
690,2005,7,7406,149722,194.9,4.946500848,0.619514713,2000
691,2005,8,7345,149722,196.1,4.905758673,0.615700359,2000
692,2005,9,7553,149722,198.8,5.044682812,1.376848547,2000
693,2005,10,7453,150032,199.1,4.967606911,0.150905433,2000
694,2005,11,7566,150032,198.1,5.042924176,-0.502260171,2000
695,2005,12,7279,150032,198.1,4.851631652,0,2000
696,2006,1,7064,150556,199.3,4.691941869,0.605754669,2000
697,2006,2,7184,150556,199.4,4.771646431,0.050175615,2000
698,2006,3,7072,150556,199.7,4.697255506,0.150451354,2000
699,2006,4,7120,151101,200.7,4.712079999,0.500751127,2000
700,2006,5,6980,151101,201.3,4.619426741,0.298953662,2000
701,2006,6,7001,151101,201.8,4.63332473,0.248385494,2000
702,2006,7,7175,151585,202.9,4.73331794,0.545094153,2000
703,2006,8,7091,151585,203.8,4.677903486,0.44356826,2000
704,2006,9,6847,151585,202.8,4.516937692,-0.490677134,2000
705,2006,10,6727,152393,201.9,4.414244749,-0.443786982,2000
706,2006,11,6872,152393,202,4.509393476,0.04952947,2000
707,2006,12,6762,152393,203.1,4.437211683,0.544554455,2000
708,2007,1,7116,153059,203.437,4.649187568,0.165928114,2000
709,2007,2,6927,153059,204.226,4.525705774,0.387835055,2000
710,2007,3,6731,153059,205.288,4.397650579,0.520012143,2000
711,2007,4,6850,152715,205.904,4.485479488,0.300066248,2000
712,2007,5,6766,152715,206.755,4.430475068,0.413299402,2000
713,2007,6,6979,152715,207.234,4.569950562,0.231675171,2000
714,2007,7,7149,153072,207.603,4.670351207,0.178059585,2000
715,2007,8,7067,153072,207.667,4.616781645,0.030828071,2000
716,2007,9,7170,153072,208.547,4.684070241,0.423755339,2000
717,2007,10,7237,153645,209.19,4.710208598,0.308323783,2000
718,2007,11,7240,153645,210.834,4.712161151,0.785888427,2000
719,2007,12,7645,153645,211.445,4.975755801,0.289801455,2000
720,2008,1,7685,153875,212.174,4.994313566,0.344770508,2000
721,2008,2,7497,153875,212.687,4.872136474,0.241782688,2000
722,2008,3,7822,153875,213.448,5.083346872,0.357802781,2000
723,2008,4,7637,154128,213.942,4.95497249,0.231438102,2000
724,2008,5,8395,154128,215.208,5.446771515,0.591749166,2000
725,2008,6,8575,154128,217.463,5.563557563,1.047823501,2000
726,2008,7,8937,154560,219.016,5.782220497,0.714144475,2000
727,2008,8,9438,154560,218.69,6.10636646,-0.148847573,2000
728,2008,9,9494,154560,218.877,6.142598344,0.085509168,2000
729,2008,10,10074,154723,216.995,6.510990609,-0.859843656,2000
730,2008,11,10538,154723,213.153,6.810881382,-1.770547708,2000
731,2008,12,11286,154723,211.398,7.294325989,-0.82335224,2000
732,2009,1,12058,154294,211.933,7.814950679,0.253077134,2000
733,2009,2,12898,154294,212.705,8.359365886,0.364266065,2000
734,2009,3,13426,154294,212.495,8.701569731,-0.098728286,2000
735,2009,4,13853,154657,212.709,8.957240862,0.100708252,2000
736,2009,5,14499,154657,213.022,9.374939382,0.147149392,2000
737,2009,6,14707,154657,214.79,9.509430546,0.829961225,2000
738,2009,7,14601,154212,214.726,9.468134776,-0.029796545,2000
739,2009,8,14814,154212,215.445,9.606256322,0.334845338,2000
740,2009,9,15009,154212,215.861,9.732705626,0.193088723,2000
741,2009,10,15352,153591,216.509,9.995377333,0.30019318,2000
742,2009,11,15219,153591,217.234,9.908783718,0.334859059,2000
743,2009,12,15098,153591,217.347,9.83000306,0.05201764,2000
744,2010,1,15046,153711,217.488,9.788499197,0.064873221,2000
745,2010,2,15113,153711,217.281,9.832087489,-0.095177665,2000
746,2010,3,15202,153711,217.353,9.889988355,0.033136814,2000
747,2010,4,15325,154110,217.403,9.944195704,0.023004053,2000
748,2010,5,14849,154110,217.29,9.635325417,-0.051977204,2000
749,2010,6,14474,154110,217.199,9.391992732,-0.041879516,2000
750,2010,7,14512,153917,217.605,9.428458195,0.186925354,2000
751,2010,8,14648,153917,217.923,9.516817506,0.146136348,2000
752,2010,9,14579,153917,218.275,9.471988149,0.161524942,2000
753,2010,10,14516,153803,219.035,9.438047372,0.348184629,2000
754,2010,11,15081,153803,219.59,9.805400415,0.253384162,2000
755,2010,12,14348,153803,220.472,9.328816733,0.401657635,2000
756,2011,1,14013,153284,221.187,9.141854336,0.32430422,2010
757,2011,2,13820,153284,221.898,9.01594426,0.321447463,2010
758,2011,3,13737,153284,223.046,8.961796404,0.517354821,2010
759,2011,4,13957,153456,224.093,9.095115212,0.469409898,2010
760,2011,5,13855,153456,224.806,9.028646648,0.318171473,2010
761,2011,6,13962,153456,224.806,9.098373475,0,2010
762,2011,7,13763,153726,225.395,8.952942248,0.262003683,2010
763,2011,8,13818,153726,226.106,8.98872019,0.315446217,2010
764,2011,9,13948,153726,226.597,9.073286237,0.217154786,2010
765,2011,10,13594,154028,226.75,8.82566806,0.067520753,2010
766,2011,11,13302,154028,227.169,8.636092139,0.184785006,2010
767,2011,12,13093,154028,227.223,8.500402524,0.023770849,2010
768,2012,1,12797,154600,227.842,8.277490298,0.272419605,2010
769,2012,2,12813,154600,228.329,8.287839586,0.213744612,2010
770,2012,3,12713,154600,228.807,8.223156533,0.209347039,2010
771,2012,4,12646,154831,229.187,8.167615013,0.166078835,2010
772,2012,5,12660,154831,228.713,8.176657129,-0.206818013,2010
773,2012,6,12692,154831,228.524,8.197324825,-0.082636317,2010
774,2012,7,12656,154957,228.59,8.167427093,0.028880993,2010
775,2012,8,12471,154957,229.918,8.048039133,0.580952798,2010
776,2012,9,12115,154957,231.015,7.818297979,0.477126628,2010
777,2012,10,12124,155507,231.638,7.796433601,0.269679458,2010
778,2012,11,12005,155507,231.249,7.719909715,-0.167934449,2010
779,2012,12,12298,155507,231.221,7.90832567,-0.01210816,2010
780,2013,1,12470,155318,231.612,8.028689527,0.169102287,2010
781,2013,2,11954,155318,232.985,7.696467892,0.592801755,2010
782,2013,3,11672,155318,232.299,7.514904905,-0.294439556,2010
783,2013,4,11752,155539,231.795,7.555661281,-0.21696176,2010
784,2013,5,11657,155539,231.916,7.494583352,0.052201299,2010
785,2013,6,11741,155539,232.374,7.5485891,0.197485296,2010
786,2013,7,11350,155662,232.889,7.291439144,0.221625483,2010
787,2013,8,11284,155662,233.323,7.249039586,0.186354873,2010
788,2013,9,11264,155662,233.632,7.236191235,0.132434436,2010
789,2013,10,11133,155063,233.718,7.17966246,0.036810026,2010
790,2013,11,10792,155063,234.121,6.959751843,0.172430023,2010
791,2013,12,10410,155063,234.723,6.71340036,0.257131996,2010
792,2014,1,10240,155632,235.385,6.579623728,0.282034568,2010
793,2014,2,10383,155632,235.672,6.671507145,0.121927905,2010
794,2014,3,10400,155632,235.978,6.682430349,0.129841475,2010
795,2014,4,9705,155540,236.471,6.239552527,0.20891778,2010
796,2014,5,9740,155540,236.832,6.262054777,0.152661426,2010
797,2014,6,9460,155540,237.029,6.082036775,0.083181327,2010
798,2014,7,9637,156105,237.424,6.173408923,0.166646275,2010
799,2014,8,9616,156105,237.256,6.15995644,-0.070759485,2010
800,2014,9,9255,156105,237.486,5.928701835,0.0969417,2010
801,2014,10,8964,156349,237.506,5.733327364,0.008421549,2010
802,2014,11,9060,156349,237.118,5.79472846,-0.163364294,2010
803,2014,12,8718,156349,236.29,5.575987055,-0.349193229,2010
804,2015,1,8962,156858,234.913,5.713447832,-0.582758475,2010
805,2015,2,8663,156858,235.489,5.522829566,0.245197158,2010
806,2015,3,8538,156858,235.989,5.443139655,0.212324143,2010
807,2015,4,8521,157161,236.201,5.421828571,0.089834696,2010
808,2015,5,8655,157161,236.891,5.507091454,0.292124081,2010
809,2015,6,8251,157161,237.419,5.250030224,0.222887319,2010
810,2015,7,8235,157014,237.876,5.244755245,0.192486701,2010
811,2015,8,8017,157014,237.811,5.105914122,-0.027325161,2010
812,2015,9,7877,157014,237.467,5.016750099,-0.144652686,2010
813,2015,10,7869,157479,237.792,4.996856724,0.136861122,2010
814,2015,11,7939,157479,238.153,5.041307095,0.151813349,2010
815,2015,12,7927,157479,237.846,5.033687031,-0.128908727,2010
816,2016,1,7829,158843,238.106,4.92876614,0.10931443,2010
817,2016,2,7845,158843,237.808,4.938838979,-0.125154343,2010
818,2016,3,7977,158843,238.078,5.021939903,0.113536971,2010
819,2016,4,7910,158779,238.908,4.98176711,0.34862524,2010
820,2016,5,7451,158779,239.362,4.692686061,0.190031309,2010
821,2016,6,7799,158779,239.842,4.911858621,0.200533084,2010
822,2016,7,7749,159544,239.898,4.856967357,0.023348705,2010
823,2016,8,7853,159544,240.389,4.922153136,0.204670318,2010
824,2016,9,7904,159544,241.006,4.95411924,0.256667318,2010
825,2016,10,7740,159580,241.694,4.850231859,0.285470071,2010
826,2016,11,7409,159580,242.199,4.642812383,0.208941885,2010
827,2016,12,7529,159580,242.821,4.718009776,0.256813612,2010
828,2017,1,7635,,244.158,,0.550611356,2010
829,2017,2,7528,,244.456,,0.122052114,2010
830,1947,1,,,21.48,,0.122052114,1940
831,1947,2,,,21.62,,0.651769088,1940
832,1947,3,,,22,,1.757631822,1940
833,1947,4,,,22,,0,1940
834,1947,5,,,21.95,,-0.227272727,1940
835,1947,6,,,22.08,,0.592255125,1940
836,1947,7,,,22.23,,0.679347826,1940
837,1947,8,,,22.4,,0.764732344,1940
838,1947,9,,,22.84,,1.964285714,1940
839,1947,10,,,22.91,,0.30647986,1940
840,1947,11,,,23.06,,0.654735923,1940
841,1947,12,,,23.41,,1.517779705,1940